,wind_code
0,000001.OF
1,000003.OF
2,000004.OF
3,000005.OF
4,000007.OF
5,000008.OF
6,000009.OF
7,000010.OF
8,000011.OF
9,000013.OF
10,000014.OF
11,000015.OF
12,000016.OF
13,000017.OF
14,000020.OF
15,000021.OF
16,000022.OF
17,000023.OF
18,000024.OF
19,000025.OF
20,000026.OF
21,000027.OF
22,000028.OF
23,000029.OF
24,000030.OF
25,000031.OF
26,000032.OF
27,000033.OF
28,000037.OF
29,000038.OF
30,000039.OF
31,000041.OF
32,000042.OF
33,000043.OF
34,000044.OF
35,000045.OF
36,000046.OF
37,000047.OF
38,000048.OF
39,000049.OF
40,000050.OF
41,000051.OF
42,000052.OF
43,000053.OF
44,000054.OF
45,000055.OF
46,000056.OF
47,000057.OF
48,000058.OF
49,000059.OF
50,000060.OF
51,000061.OF
52,000062.OF
53,000063.OF
54,000064.OF
55,000065.OF
56,000066.OF
57,000067.OF
58,000068.OF
59,000069.OF
60,000070.OF
61,000071.OF
62,000072.OF
63,000073.OF
64,000074.OF
65,000075.OF
66,000076.OF
67,000077.OF
68,000078.OF
69,000079.OF
70,000080.OF
71,000081.OF
72,000082.OF
73,000083.OF
74,000084.OF
75,000085.OF
76,000086.OF
77,000087.OF
78,000088.OF
79,000089.OF
80,000090.OF
81,000091.OF
82,000092.OF
83,000093.OF
84,000103.OF
85,000104.OF
86,000105.OF
87,000106.OF
88,000107.OF
89,000109.OF
90,000110.OF
91,000111.OF
92,000112.OF
93,000113.OF
94,000115.OF
95,000116.OF
96,000117.OF
97,000118.OF
98,000119.OF
99,000120.OF
100,000121.OF
101,000122.OF
102,000123.OF
103,000124.OF
104,000125.OF
105,000126.OF
106,000127.OF
107,000128.OF
108,000129.OF
109,000130.OF
110,000131.OF
111,000136.OF
112,000137.OF
113,000138.OF
114,000139.OF
115,000141.OF
116,000142.OF
117,000143.OF
118,000147.OF
119,000148.OF
120,000149.OF
121,000150.OF
122,000151.OF
123,000152.OF
124,000153.OF
125,000165.OF
126,000166.OF
127,000167.OF
128,000169.OF
129,000170.OF
130,000171.OF
131,000172.OF
132,000173.OF
133,000174.OF
134,000175.OF
135,000176.OF
136,000177.OF
137,000178.OF
138,000179.OF
139,000180.OF
140,000181.OF
141,000182.OF
142,000183.OF
143,000184.OF
144,000185.OF
145,000186.OF
146,000187.OF
147,000188.OF
148,000189.OF
149,000190.OF
150,000191.OF
151,000192.OF
152,000193.OF
153,000194.OF
154,000195.OF
155,000196.OF
156,000197.OF
157,000198.OF
158,000199.OF
159,000200.OF
160,000201.OF
161,000202.OF
162,000203.OF
163,000204.OF
164,000205.OF
165,000206.OF
166,000207.OF
167,000208.OF
168,000209.OF
169,000210.OF
170,000211.OF
171,000212.OF
172,000213.OF
173,000214.OF
174,000215.OF
175,000216.OF
176,000217.OF
177,000218.OF
178,000219.OF
179,000220.OF
180,000221.OF
181,000222.OF
182,000225.OF
183,000226.OF
184,000227.OF
185,000235.OF
186,000236.OF
187,000237.OF
188,000238.OF
189,000239.OF
190,000240.OF
191,000241.OF
192,000242.OF
193,000244.OF
194,000245.OF
195,000246.OF
196,000247.OF
197,000248.OF
198,000251.OF
199,000252.OF
200,000253.OF
201,000254.OF
202,000255.OF
203,000256.OF
204,000257.OF
205,000258.OF
206,000259.OF
207,000260.OF
208,000263.OF
209,000264.OF
210,000265.OF
211,000266.OF
212,000267.OF
213,000268.OF
214,000270.OF
215,000271.OF
216,000272.OF
217,000273.OF
218,000274.OF
219,000275.OF
220,000277.OF
221,000278.OF
222,000279.OF
223,000280.OF
224,000281.OF
225,000286.OF
226,000287.OF
227,000288.OF
228,000289.OF
229,000290.OF
230,000291.OF
231,000292.OF
232,000293.OF
233,000294.OF
234,000295.OF
235,000296.OF
236,000297.OF
237,000298.OF
238,000299.OF
239,000300.OF
240,000301.OF
241,000302.OF
242,000303.OF
243,000304.OF
244,000305.OF
245,000306.OF
246,000307.OF
247,000308.OF
248,000309.OF
249,000310.OF
250,000311.OF
251,000312.OF
252,000313.OF
253,000314.OF
254,000316.OF
255,000317.OF
256,000318.OF
257,000319.OF
258,000320.OF
259,000322.OF
260,000323.OF
261,000324.OF
262,000325.OF
263,000326.OF
264,000327.OF
265,000328.OF
266,000329.OF
267,000330.OF
268,000331.OF
269,000332.OF
270,000333.OF
271,000334.OF
272,000335.OF
273,000336.OF
274,000338.OF
275,000339.OF
276,000341.OF
277,000342.OF
278,000343.OF
279,000345.OF
280,000346.OF
281,000347.OF
282,000351.OF
283,000352.OF
284,000353.OF
285,000354.OF
286,000355.OF
287,000356.OF
288,000359.OF
289,000360.OF
290,000361.OF
291,000362.OF
292,000363.OF
293,000366.OF
294,000367.OF
295,000368.OF
296,000369.OF
297,000370.OF
298,000371.OF
299,000372.OF
300,000373.OF
301,000376.OF
302,000377.OF
303,000378.OF
304,000379.OF
305,000380.OF
306,000381.OF
307,000385.OF
308,000386.OF
309,000387.OF
310,000388.OF
311,000389.OF
312,000390.OF
313,000394.OF
314,000395.OF
315,000396.OF
316,000397.OF
317,000398.OF
318,000400.OF
319,000401.OF
320,000402.OF
321,000403.OF
322,000404.OF
323,000405.OF
324,000406.OF
325,000407.OF
326,000408.OF
327,000409.OF
328,000410.OF
329,000411.OF
330,000412.OF
331,000413.OF
332,000414.OF
333,000415.OF
334,000416.OF
335,000417.OF
336,000418.OF
337,000419.OF
338,000420.OF
339,000421.OF
340,000422.OF
341,000423.OF
342,000424.OF
343,000425.OF
344,000426.OF
345,000427.OF
346,000428.OF
347,000429.OF
348,000430.OF
349,000431.OF
350,000432.OF
351,000433.OF
352,000434.OF
353,000435.OF
354,000436.OF
355,000437.OF
356,000438.OF
357,000439.OF
358,000452.OF
359,000457.OF
360,000458.OF
361,000462.OF
362,000463.OF
363,000464.OF
364,000465.OF
365,000466.OF
366,000467.OF
367,000469.OF
368,000471.OF
369,000473.OF
370,000474.OF
371,000475.OF
372,000476.OF
373,000477.OF
374,000478.OF
375,000479.OF
376,000480.OF
377,000481.OF
378,000483.OF
379,000484.OF
380,000485.OF
381,000486.OF
382,000487.OF
383,000488.OF
384,000489.OF
385,000490.OF
386,000493.OF
387,000494.OF
388,000495.OF
389,000496.OF
390,000497.OF
391,000500.OF
392,000501.OF
393,000502.OF
394,000503.OF
395,000504.OF
396,000505.OF
397,000506.OF
398,000507.OF
399,000508.OF
400,000509.OF
401,000510.OF
402,000511.OF
403,000512.OF
404,000513.OF
405,000520.OF
406,000522.OF
407,000523.OF
408,000524.OF
409,000526.OF
410,000527.OF
411,000528.OF
412,000529.OF
413,000530.OF
414,000531.OF
415,000532.OF
416,000533.OF
417,000534.OF
418,000535.OF
419,000536.OF
420,000538.OF
421,000539.OF
422,000540.OF
423,000541.OF
424,000542.OF
425,000543.OF
426,000545.OF
427,000546.OF
428,000547.OF
429,000549.OF
430,000550.OF
431,000551.OF
432,000552.OF
433,000553.OF
434,000554.OF
435,000556.OF
436,000557.OF
437,000559.OF
438,000560.OF
439,000561.OF
440,000562.OF
441,000563.OF
442,000564.OF
443,000566.OF
444,000567.OF
445,000569.OF
446,000571.OF
447,000572.OF
448,000573.OF
449,000574.OF
450,000575.OF
451,000576.OF
452,000577.OF
453,000578.OF
454,000579.OF
455,000580.OF
456,000581.OF
457,000583.OF
458,000584.OF
459,000585.OF
460,000586.OF
461,000587.OF
462,000588.OF
463,000589.OF
464,000590.OF
465,000591.OF
466,000592.OF
467,000593.OF
468,000594.OF
469,000595.OF
470,000596.OF
471,000597.OF
472,000598.OF
473,000599.OF
474,000600.OF
475,000601.OF
476,000602.OF
477,000603.OF
478,000604.OF
479,000605.OF
480,000607.OF
481,000609.OF
482,000610.OF
483,000612.OF
484,000613.OF
485,000614.OF
486,000615.OF
487,000616.OF
488,000617.OF
489,000618.OF
490,000619.OF
491,000620.OF
492,000621.OF
493,000622.OF
494,000623.OF
495,000624.OF
496,000625.OF
497,000626.OF
498,000627.OF
499,000628.OF
500,000629.OF
501,000630.OF
502,000631.OF
503,000632.OF
504,000633.OF
505,000634.OF
506,000638.OF
507,000639.OF
508,000640.OF
509,000641.OF
510,000642.OF
511,000644.OF
512,000645.OF
513,000646.OF
514,000647.OF
515,000648.OF
516,000649.OF
517,000650.OF
518,000651.OF
519,000652.OF
520,000654.OF
521,000655.OF
522,000656.OF
523,000657.OF
524,000658.OF
525,000659.OF
526,000660.OF
527,000661.OF
528,000662.OF
529,000663.OF
530,000664.OF
531,000665.OF
532,000667.OF
533,000668.OF
534,000669.OF
535,000672.OF
536,000674.OF
537,000675.OF
538,000676.OF
539,000677.OF
540,000678.OF
541,000679.OF
542,000681.OF
543,000682.OF
544,000683.OF
545,000684.OF
546,000685.OF
547,000686.OF
548,000687.OF
549,000688.OF
550,000689.OF
551,000690.OF
552,000692.OF
553,000693.OF
554,000694.OF
555,000695.OF
556,000696.OF
557,000697.OF
558,000698.OF
559,000699.OF
560,000700.OF
561,000701.OF
562,000704.OF
563,000705.OF
564,000706.OF
565,000707.OF
566,000708.OF
567,000709.OF
568,000710.OF
569,000711.OF
570,000712.OF
571,000713.OF
572,000714.OF
573,000715.OF
574,000716.OF
575,000717.OF
576,000719.OF
577,000720.OF
578,000721.OF
579,000722.OF
580,000723.OF
581,000724.OF
582,000725.OF
583,000726.OF
584,000727.OF
585,000728.OF
586,000729.OF
587,000730.OF
588,000734.OF
589,000735.OF
590,000736.OF
591,000737.OF
592,000738.OF
593,000739.OF
594,000740.OF
595,000741.OF
596,000742.OF
597,000743.OF
598,000744.OF
599,000745.OF
600,000746.OF
601,000747.OF
602,000748.OF
603,000749.OF
604,000750.OF
605,000751.OF
606,000752.OF
607,000753.OF
608,000754.OF
609,000755.OF
610,000756.OF
611,000757.OF
612,000758.OF
613,000759.OF
614,000760.OF
615,000761.OF
616,000763.OF
617,000764.OF
618,000765.OF
619,000766.OF
620,000767.OF
621,000768.OF
622,000769.OF
623,000770.OF
624,000771.OF
625,000772.OF
626,000773.OF
627,000774.OF
628,000775.OF
629,000776.OF
630,000778.OF
631,000779.OF
632,000780.OF
633,000781.OF
634,000782.OF
635,000783.OF
636,000784.OF
637,000785.OF
638,000786.OF
639,000787.OF
640,000788.OF
641,000789.OF
642,000790.OF
643,000791.OF
644,000793.OF
645,000794.OF
646,000796.OF
647,000797.OF
648,000800.OF
649,000801.OF
650,000802.OF
651,000803.OF
652,000804.OF
653,000805.OF
654,000808.OF
655,000809.OF
656,000810.OF
657,000812.OF
658,000813.OF
659,000814.OF
660,000815.OF
661,000816.OF
662,000817.OF
663,000818.OF
664,000822.OF
665,000823.OF
666,000824.OF
667,000825.OF
668,000826.OF
669,000827.OF
670,000828.OF
671,000831.OF
672,000832.OF
673,000834.OF
674,000835.OF
675,000836.OF
676,000837.OF
677,000839.OF
678,000840.OF
679,000841.OF
680,000843.OF
681,000844.OF
682,000845.OF
683,000846.OF
684,000847.OF
685,000848.OF
686,000849.OF
687,000850.OF
688,000854.OF
689,000855.OF
690,000856.OF
691,000857.OF
692,000859.OF
693,000860.OF
694,000861.OF
695,000862.OF
696,000863.OF
697,000865.OF
698,000866.OF
699,000867.OF
700,000868.OF
701,000869.OF
702,000870.OF
703,000871.OF
704,000872.OF
705,000875.OF
706,000876.OF
707,000877.OF
708,000878.OF
709,000879.OF
710,000880.OF
711,000882.OF
712,000883.OF
713,000884.OF
714,000885.OF
715,000886.OF
716,000887.OF
717,000889.OF
718,000890.OF
719,000891.OF
720,000892.OF
721,000893.OF
722,000894.OF
723,000895.OF
724,000896.OF
725,000897.OF
726,000898.OF
727,000899.OF
728,000900.OF
729,000901.OF
730,000902.OF
731,000903.OF
732,000904.OF
733,000905.OF
734,000906.OF
735,000907.OF
736,000908.OF
737,000910.OF
738,000911.OF
739,000912.OF
740,000913.OF
741,000914.OF
742,000916.OF
743,000917.OF
744,000918.OF
745,000919.OF
746,000920.OF
747,000921.OF
748,000922.OF
749,000923.OF
750,000924.OF
751,000925.OF
752,000926.OF
753,000927.OF
754,000928.OF
755,000929.OF
756,000930.OF
757,000931.OF
758,000932.OF
759,000933.OF
760,000934.OF
761,000935.OF
762,000936.OF
763,000937.OF
764,000938.OF
765,000939.OF
766,000940.OF
767,000942.OF
768,000943.OF
769,000944.OF
770,000945.OF
771,000946.OF
772,000947.OF
773,000948.OF
774,000950.OF
775,000953.OF
776,000954.OF
777,000955.OF
778,000958.OF
779,000959.OF
780,000960.OF
781,000961.OF
782,000962.OF
783,000963.OF
784,000965.OF
785,000966.OF
786,000967.OF
787,000968.OF
788,000969.OF
789,000970.OF
790,000971.OF
791,000972.OF
792,000973.OF
793,000974.OF
794,000975.OF
795,000976.OF
796,000977.OF
797,000978.OF
798,000979.OF
799,000980.OF
800,000981.OF
801,000982.OF
802,000984.OF
803,000985.OF
804,000986.OF
805,000987.OF
806,000988.OF
807,000989.OF
808,000990.OF
809,000991.OF
810,000992.OF
811,000993.OF
812,000994.OF
813,000995.OF
814,000996.OF
815,000997.OF
816,000998.OF
817,001000.OF
818,001001.OF
819,001003.OF
820,001004.OF
821,001005.OF
822,001006.OF
823,001007.OF
824,001008.OF
825,001009.OF
826,001010.OF
827,001011.OF
828,001013.OF
829,001014.OF
830,001015.OF
831,001016.OF
832,001017.OF
833,001018.OF
834,001019.OF
835,001020.OF
836,001021.OF
837,001023.OF
838,001026.OF
839,001027.OF
840,001028.OF
841,001029.OF
842,001030.OF
843,001031.OF
844,001033.OF
845,001034.OF
846,001035.OF
847,001036.OF
848,001037.OF
849,001038.OF
850,001039.OF
851,001040.OF
852,001041.OF
853,001042.OF
854,001043.OF
855,001044.OF
856,001045.OF
857,001046.OF
858,001047.OF
859,001048.OF
860,001050.OF
861,001051.OF
862,001052.OF
863,001053.OF
864,001054.OF
865,001055.OF
866,001056.OF
867,001057.OF
868,001058.OF
869,001059.OF
870,001060.OF
871,001061.OF
872,001063.OF
873,001064.OF
874,001065.OF
875,001066.OF
876,001067.OF
877,001068.OF
878,001069.OF
879,001070.OF
880,001071.OF
881,001072.OF
882,001073.OF
883,001074.OF
884,001075.OF
885,001076.OF
886,001077.OF
887,001078.OF
888,001086.OF
889,001087.OF
890,001088.OF
891,001092.OF
892,001093.OF
893,001094.OF
894,001095.OF
895,001096.OF
896,001097.OF
897,001101.OF
898,001102.OF
899,001103.OF
900,001104.OF
901,001105.OF
902,001106.OF
903,001110.OF
904,001111.OF
905,001112.OF
906,001113.OF
907,001115.OF
908,001116.OF
909,001117.OF
910,001118.OF
911,001119.OF
912,001120.OF
913,001121.OF
914,001122.OF
915,001123.OF
916,001124.OF
917,001125.OF
918,001126.OF
919,001127.OF
920,001128.OF
921,001133.OF
922,001134.OF
923,001135.OF
924,001136.OF
925,001137.OF
926,001138.OF
927,001139.OF
928,001140.OF
929,001141.OF
930,001142.OF
931,001143.OF
932,001144.OF
933,001146.OF
934,001147.OF
935,001148.OF
936,001149.OF
937,001150.OF
938,001152.OF
939,001154.OF
940,001155.OF
941,001156.OF
942,001157.OF
943,001158.OF
944,001159.OF
945,001160.OF
946,001161.OF
947,001162.OF
948,001163.OF
949,001164.OF
950,001165.OF
951,001166.OF
952,001167.OF
953,001168.OF
954,001169.OF
955,001170.OF
956,001171.OF
957,001172.OF
958,001173.OF
959,001174.OF
960,001175.OF
961,001176.OF
962,001177.OF
963,001178.OF
964,001179.OF
965,001180.OF
966,001181.OF
967,001182.OF
968,001183.OF
969,001184.OF
970,001185.OF
971,001186.OF
972,001188.OF
973,001189.OF
974,001190.OF
975,001191.OF
976,001192.OF
977,001193.OF
978,001194.OF
979,001195.OF
980,001196.OF
981,001197.OF
982,001198.OF
983,001199.OF
984,001200.OF
985,001201.OF
986,001202.OF
987,001203.OF
988,001204.OF
989,001205.OF
990,001206.OF
991,001207.OF
992,001208.OF
993,001209.OF
994,001210.OF
995,001211.OF
996,001212.OF
997,001213.OF
998,001214.OF
999,001215.OF
1000,001216.OF
1001,001217.OF
1002,001218.OF
1003,001219.OF
1004,001220.OF
1005,001221.OF
1006,001222.OF
1007,001223.OF
1008,001224.OF
1009,001225.OF
1010,001226.OF
1011,001227.OF
1012,001228.OF
1013,001229.OF
1014,001230.OF
1015,001231.OF
1016,001232.OF
1017,001233.OF
1018,001234.OF
1019,001235.OF
1020,001236.OF
1021,001237.OF
1022,001238.OF
1023,001239.OF
1024,001240.OF
1025,001241.OF
1026,001242.OF
1027,001243.OF
1028,001244.OF
1029,001245.OF
1030,001246.OF
1031,001247.OF
1032,001249.OF
1033,001250.OF
1034,001251.OF
1035,001252.OF
1036,001253.OF
1037,001254.OF
1038,001255.OF
1039,001256.OF
1040,001257.OF
1041,001258.OF
1042,001259.OF
1043,001260.OF
1044,001261.OF
1045,001262.OF
1046,001263.OF
1047,001264.OF
1048,001265.OF
1049,001266.OF
1050,001267.OF
1051,001268.OF
1052,001270.OF
1053,001271.OF
1054,001272.OF
1055,001273.OF
1056,001274.OF
1057,001275.OF
1058,001276.OF
1059,001277.OF
1060,001278.OF
1061,001279.OF
1062,001280.OF
1063,001281.OF
1064,001282.OF
1065,001283.OF
1066,001284.OF
1067,001285.OF
1068,001286.OF
1069,001287.OF
1070,001289.OF
1071,001290.OF
1072,001291.OF
1073,001294.OF
1074,001295.OF
1075,001297.OF
1076,001298.OF
1077,001299.OF
1078,001300.OF
1079,001301.OF
1080,001302.OF
1081,001303.OF
1082,001304.OF
1083,001305.OF
1084,001306.OF
1085,001307.OF
1086,001308.OF
1087,001309.OF
1088,001310.OF
1089,001311.OF
1090,001312.OF
1091,001313.OF
1092,001314.OF
1093,001315.OF
1094,001316.OF
1095,001318.OF
1096,001319.OF
1097,001320.OF
1098,001321.OF
1099,001322.OF
1100,001323.OF
1101,001324.OF
1102,001325.OF
1103,001326.OF
1104,001327.OF
1105,001328.OF
1106,001329.OF
1107,001330.OF
1108,001331.OF
1109,001332.OF
1110,001333.OF
1111,001334.OF
1112,001335.OF
1113,001336.OF
1114,001337.OF
1115,001338.OF
1116,001339.OF
1117,001340.OF
1118,001341.OF
1119,001342.OF
1120,001343.OF
1121,001345.OF
1122,001347.OF
1123,001348.OF
1124,001349.OF
1125,001351.OF
1126,001352.OF
1127,001355.OF
1128,001356.OF
1129,001357.OF
1130,001358.OF
1131,001359.OF
1132,001361.OF
1133,001362.OF
1134,001363.OF
1135,001365.OF
1136,001366.OF
1137,001367.OF
1138,001368.OF
1139,001369.OF
1140,001370.OF
1141,001371.OF
1142,001373.OF
1143,001374.OF
1144,001375.OF
1145,001376.OF
1146,001379.OF
1147,001380.OF
1148,001381.OF
1149,001384.OF
1150,001385.OF
1151,001386.OF
1152,001387.OF
1153,001388.OF
1154,001389.OF
1155,001390.OF
1156,001391.OF
1157,001392.OF
1158,001393.OF
1159,001394.OF
1160,001395.OF
1161,001396.OF
1162,001397.OF
1163,001398.OF
1164,001399.OF
1165,001400.OF
1166,001401.OF
1167,001402.OF
1168,001403.OF
1169,001404.OF
1170,001405.OF
1171,001406.OF
1172,001407.OF
1173,001408.OF
1174,001409.OF
1175,001410.OF
1176,001411.OF
1177,001412.OF
1178,001413.OF
1179,001414.OF
1180,001415.OF
1181,001416.OF
1182,001417.OF
1183,001418.OF
1184,001419.OF
1185,001420.OF
1186,001421.OF
1187,001422.OF
1188,001423.OF
1189,001424.OF
1190,001425.OF
1191,001426.OF
1192,001427.OF
1193,001428.OF
1194,001429.OF
1195,001430.OF
1196,001431.OF
1197,001433.OF
1198,001437.OF
1199,001438.OF
1200,001443.OF
1201,001444.OF
1202,001445.OF
1203,001446.OF
1204,001447.OF
1205,001448.OF
1206,001449.OF
1207,001450.OF
1208,001451.OF
1209,001453.OF
1210,001454.OF
1211,001455.OF
1212,001456.OF
1213,001457.OF
1214,001458.OF
1215,001459.OF
1216,001460.OF
1217,001463.OF
1218,001464.OF
1219,001466.OF
1220,001467.OF
1221,001468.OF
1222,001469.OF
1223,001470.OF
1224,001471.OF
1225,001473.OF
1226,001474.OF
1227,001475.OF
1228,001476.OF
1229,001477.OF
1230,001478.OF
1231,001479.OF
1232,001480.OF
1233,001481.OF
1234,001482.OF
1235,001483.OF
1236,001484.OF
1237,001485.OF
1238,001486.OF
1239,001487.OF
1240,001488.OF
1241,001489.OF
1242,001490.OF
1243,001491.OF
1244,001492.OF
1245,001493.OF
1246,001494.OF
1247,001495.OF
1248,001496.OF
1249,001497.OF
1250,001498.OF
1251,001499.OF
1252,001500.OF
1253,001501.OF
1254,001502.OF
1255,001503.OF
1256,001504.OF
1257,001505.OF
1258,001506.OF
1259,001507.OF
1260,001508.OF
1261,001510.OF
1262,001511.OF
1263,001512.OF
1264,001513.OF
1265,001515.OF
1266,001516.OF
1267,001517.OF
1268,001518.OF
1269,001521.OF
1270,001522.OF
1271,001523.OF
1272,001524.OF
1273,001526.OF
1274,001527.OF
1275,001528.OF
1276,001529.OF
1277,001530.OF
1278,001531.OF
1279,001533.OF
1280,001534.OF
1281,001535.OF
1282,001536.OF
1283,001537.OF
1284,001538.OF
1285,001539.OF
1286,001540.OF
1287,001541.OF
1288,001542.OF
1289,001543.OF
1290,001545.OF
1291,001546.OF
1292,001547.OF
1293,001548.OF
1294,001549.OF
1295,001550.OF
1296,001551.OF
1297,001552.OF
1298,001553.OF
1299,001554.OF
1300,001555.OF
1301,001556.OF
1302,001557.OF
1303,001558.OF
1304,001559.OF
1305,001560.OF
1306,001561.OF
1307,001563.OF
1308,001564.OF
1309,001565.OF
1310,001566.OF
1311,001567.OF
1312,001568.OF
1313,001569.OF
1314,001570.OF
1315,001571.OF
1316,001572.OF
1317,001574.OF
1318,001575.OF
1319,001577.OF
1320,001578.OF
1321,001580.OF
1322,001582.OF
1323,001583.OF
1324,001584.OF
1325,001585.OF
1326,001586.OF
1327,001587.OF
1328,001588.OF
1329,001589.OF
1330,001590.OF
1331,001591.OF
1332,001592.OF
1333,001593.OF
1334,001594.OF
1335,001595.OF
1336,001597.OF
1337,001598.OF
1338,001599.OF
1339,001600.OF
1340,001601.OF
1341,001602.OF
1342,001604.OF
1343,001605.OF
1344,001606.OF
1345,001607.OF
1346,001608.OF
1347,001609.OF
1348,001610.OF
1349,001611.OF
1350,001612.OF
1351,001613.OF
1352,001614.OF
1353,001615.OF
1354,001616.OF
1355,001617.OF
1356,001618.OF
1357,001620.OF
1358,001621.OF
1359,001622.OF
1360,001623.OF
1361,001624.OF
1362,001625.OF
1363,001626.OF
1364,001627.OF
1365,001628.OF
1366,001629.OF
1367,001630.OF
1368,001631.OF
1369,001632.OF
1370,001633.OF
1371,001634.OF
1372,001635.OF
1373,001636.OF
1374,001637.OF
1375,001638.OF
1376,001639.OF
1377,001640.OF
1378,001641.OF
1379,001643.OF
1380,001644.OF
1381,001645.OF
1382,001647.OF
1383,001650.OF
1384,001651.OF
1385,001652.OF
1386,001653.OF
1387,001654.OF
1388,001655.OF
1389,001659.OF
1390,001661.OF
1391,001662.OF
1392,001663.OF
1393,001664.OF
1394,001665.OF
1395,001666.OF
1396,001667.OF
1397,001669.OF
1398,001670.OF
1399,001671.OF
1400,001672.OF
1401,001673.OF
1402,001674.OF
1403,001675.OF
1404,001676.OF
1405,001677.OF
1406,001679.OF
1407,001680.OF
1408,001681.OF
1409,001682.OF
1410,001683.OF
1411,001685.OF
1412,001686.OF
1413,001687.OF
1414,001688.OF
1415,001691.OF
1416,001692.OF
1417,001693.OF
1418,001694.OF
1419,001695.OF
1420,001697.OF
1421,001698.OF
1422,001699.OF
1423,001700.OF
1424,001701.OF
1425,001702.OF
1426,001703.OF
1427,001704.OF
1428,001705.OF
1429,001706.OF
1430,001708.OF
1431,001709.OF
1432,001710.OF
1433,001711.OF
1434,001712.OF
1435,001713.OF
1436,001714.OF
1437,001715.OF
1438,001716.OF
1439,001717.OF
1440,001718.OF
1441,001719.OF
1442,001720.OF
1443,001721.OF
1444,001722.OF
1445,001723.OF
1446,001724.OF
1447,001726.OF
1448,001727.OF
1449,001728.OF
1450,001729.OF
1451,001730.OF
1452,001733.OF
1453,001734.OF
1454,001735.OF
1455,001736.OF
1456,001737.OF
1457,001739.OF
1458,001740.OF
1459,001741.OF
1460,001742.OF
1461,001743.OF
1462,001744.OF
1463,001750.OF
1464,001751.OF
1465,001752.OF
1466,001753.OF
1467,001754.OF
1468,001755.OF
1469,001756.OF
1470,001757.OF
1471,001758.OF
1472,001759.OF
1473,001760.OF
1474,001761.OF
1475,001762.OF
1476,001763.OF
1477,001764.OF
1478,001765.OF
1479,001766.OF
1480,001767.OF
1481,001768.OF
1482,001769.OF
1483,001770.OF
1484,001772.OF
1485,001773.OF
1486,001774.OF
1487,001775.OF
1488,001776.OF
1489,001777.OF
1490,001778.OF
1491,001779.OF
1492,001781.OF
1493,001785.OF
1494,001786.OF
1495,001787.OF
1496,001788.OF
1497,001791.OF
1498,001792.OF
1499,001794.OF
1500,001795.OF
1501,001796.OF
1502,001797.OF
1503,001798.OF
1504,001799.OF
1505,001800.OF
1506,001801.OF
1507,001802.OF
1508,001803.OF
1509,001808.OF
1510,001809.OF
1511,001810.OF
1512,001811.OF
1513,001812.OF
1514,001813.OF
1515,001814.OF
1516,001815.OF
1517,001816.OF
1518,001819.OF
1519,001820.OF
1520,001821.OF
1521,001822.OF
1522,001823.OF
1523,001824.OF
1524,001826.OF
1525,001827.OF
1526,001829.OF
1527,001830.OF
1528,001834.OF
1529,001837.OF
1530,001838.OF
1531,001840.OF
1532,001841.OF
1533,001842.OF
1534,001843.OF
1535,001845.OF
1536,001846.OF
1537,001847.OF
1538,001848.OF
1539,001849.OF
1540,001850.OF
1541,001851.OF
1542,001852.OF
1543,001854.OF
1544,001855.OF
1545,001858.OF
1546,001859.OF
1547,001860.OF
1548,001861.OF
1549,001862.OF
1550,001863.OF
1551,001864.OF
1552,001865.OF
1553,001866.OF
1554,001867.OF
1555,001868.OF
1556,001869.OF
1557,001870.OF
1558,001871.OF
1559,001872.OF
1560,001873.OF
1561,001874.OF
1562,001875.OF
1563,001876.OF
1564,001877.OF
1565,001878.OF
1566,001881.OF
1567,001882.OF
1568,001883.OF
1569,001884.OF
1570,001885.OF
1571,001886.OF
1572,001887.OF
1573,001888.OF
1574,001889.OF
1575,001890.OF
1576,001891.OF
1577,001892.OF
1578,001893.OF
1579,001894.OF
1580,001895.OF
1581,001896.OF
1582,001897.OF
1583,001899.OF
1584,001903.OF
1585,001904.OF
1586,001905.OF
1587,001906.OF
1588,001907.OF
1589,001908.OF
1590,001909.OF
1591,001910.OF
1592,001911.OF
1593,001912.OF
1594,001914.OF
1595,001915.OF
1596,001916.OF
1597,001917.OF
1598,001918.OF
1599,001919.OF
1600,001920.OF
1601,001921.OF
1602,001922.OF
1603,001923.OF
1604,001924.OF
1605,001925.OF
1606,001926.OF
1607,001927.OF
1608,001928.OF
1609,001929.OF
1610,001930.OF
1611,001931.OF
1612,001932.OF
1613,001933.OF
1614,001934.OF
1615,001935.OF
1616,001936.OF
1617,001937.OF
1618,001938.OF
1619,001939.OF
1620,001940.OF
1621,001941.OF
1622,001942.OF
1623,001943.OF
1624,001945.OF
1625,001946.OF
1626,001947.OF
1627,001948.OF
1628,001949.OF
1629,001950.OF
1630,001951.OF
1631,001952.OF
1632,001953.OF
1633,001954.OF
1634,001955.OF
1635,001956.OF
1636,001959.OF
1637,001960.OF
1638,001961.OF
1639,001963.OF
1640,001964.OF
1641,001967.OF
1642,001970.OF
1643,001971.OF
1644,001972.OF
1645,001973.OF
1646,001974.OF
1647,001975.OF
1648,001976.OF
1649,001977.OF
1650,001978.OF
1651,001979.OF
1652,001981.OF
1653,001982.OF
1654,001983.OF
1655,001984.OF
1656,001985.OF
1657,001986.OF
1658,001987.OF
1659,001990.OF
1660,001991.OF
1661,001992.OF
1662,001993.OF
1663,001994.OF
1664,001997.OF
1665,001998.OF
1666,001999.OF
1667,002000.OF
1668,002001.OF
1669,002006.OF
1670,002007.OF
1671,002008.OF
1672,002009.OF
1673,002010.OF
1674,002011.OF
1675,002013.OF
1676,002014.OF
1677,002015.OF
1678,002016.OF
1679,002017.OF
1680,002018.OF
1681,002019.OF
1682,002020.OF
1683,002021.OF
1684,002025.OF
1685,002026.OF
1686,002027.OF
1687,002028.OF
1688,002029.OF
1689,002030.OF
1690,002031.OF
1691,002033.OF
1692,002034.OF
1693,002035.OF
1694,002036.OF
1695,002037.OF
1696,002038.OF
1697,002039.OF
1698,002040.OF
1699,002041.OF
1700,002042.OF
1701,002043.OF
1702,002045.OF
1703,002046.OF
1704,002047.OF
1705,002048.OF
1706,002049.OF
1707,002051.OF
1708,002052.OF
1709,002053.OF
1710,002054.OF
1711,002055.OF
1712,002056.OF
1713,002057.OF
1714,002058.OF
1715,002059.OF
1716,002060.OF
1717,002061.OF
1718,002062.OF
1719,002063.OF
1720,002065.OF
1721,002066.OF
1722,002067.OF
1723,002068.OF
1724,002071.OF
1725,002072.OF
1726,002073.OF
1727,002074.OF
1728,002075.OF
1729,002076.OF
1730,002077.OF
1731,002078.OF
1732,002079.OF
1733,002080.OF
1734,002081.OF
1735,002082.OF
1736,002083.OF
1737,002084.OF
1738,002085.OF
1739,002086.OF
1740,002087.OF
1741,002088.OF
1742,002089.OF
1743,002090.OF
1744,002091.OF
1745,002092.OF
1746,002093.OF
1747,002094.OF
1748,002095.OF
1749,002096.OF
1750,002097.OF
1751,002098.OF
1752,002099.OF
1753,002100.OF
1754,002101.OF
1755,002102.OF
1756,002103.OF
1757,002104.OF
1758,002105.OF
1759,002106.OF
1760,002107.OF
1761,002108.OF
1762,002109.OF
1763,002110.OF
1764,002111.OF
1765,002112.OF
1766,002113.OF
1767,002114.OF
1768,002115.OF
1769,002116.OF
1770,002117.OF
1771,002118.OF
1772,002119.OF
1773,002120.OF
1774,002121.OF
1775,002122.OF
1776,002123.OF
1777,002124.OF
1778,002126.OF
1779,002127.OF
1780,002128.OF
1781,002129.OF
1782,002130.OF
1783,002131.OF
1784,002132.OF
1785,002133.OF
1786,002134.OF
1787,002135.OF
1788,002136.OF
1789,002137.OF
1790,002138.OF
1791,002139.OF
1792,002140.OF
1793,002141.OF
1794,002142.OF
1795,002143.OF
1796,002144.OF
1797,002145.OF
1798,002146.OF
1799,002147.OF
1800,002148.OF
1801,002149.OF
1802,002150.OF
1803,002152.OF
1804,002153.OF
1805,002154.OF
1806,002156.OF
1807,002157.OF
1808,002158.OF
1809,002159.OF
1810,002160.OF
1811,002162.OF
1812,002163.OF
1813,002164.OF
1814,002165.OF
1815,002166.OF
1816,002167.OF
1817,002168.OF
1818,002169.OF
1819,002170.OF
1820,002172.OF
1821,002173.OF
1822,002174.OF
1823,002175.OF
1824,002178.OF
1825,002179.OF
1826,002182.OF
1827,002183.OF
1828,002184.OF
1829,002185.OF
1830,002186.OF
1831,002187.OF
1832,002188.OF
1833,002189.OF
1834,002190.OF
1835,002191.OF
1836,002192.OF
1837,002193.OF
1838,002194.OF
1839,002195.OF
1840,002196.OF
1841,002197.OF
1842,002198.OF
1843,002199.OF
1844,002200.OF
1845,002201.OF
1846,002202.OF
1847,002206.OF
1848,002207.OF
1849,002208.OF
1850,002209.OF
1851,002210.OF
1852,002211.OF
1853,002212.OF
1854,002213.OF
1855,002214.OF
1856,002215.OF
1857,002218.OF
1858,002219.OF
1859,002220.OF
1860,002221.OF
1861,002222.OF
1862,002223.OF
1863,002224.OF
1864,002225.OF
1865,002226.OF
1866,002227.OF
1867,002228.OF
1868,002229.OF
1869,002230.OF
1870,002231.OF
1871,002232.OF
1872,002233.OF
1873,002234.OF
1874,002235.OF
1875,002236.OF
1876,002237.OF
1877,002238.OF
1878,002239.OF
1879,002240.OF
1880,002241.OF
1881,002242.OF
1882,002243.OF
1883,002244.OF
1884,002245.OF
1885,002246.OF
1886,002247.OF
1887,002248.OF
1888,002249.OF
1889,002250.OF
1890,002251.OF
1891,002252.OF
1892,002254.OF
1893,002255.OF
1894,002256.OF
1895,002259.OF
1896,002260.OF
1897,002261.OF
1898,002262.OF
1899,002263.OF
1900,002264.OF
1901,002265.OF
1902,002266.OF
1903,002267.OF
1904,002268.OF
1905,002269.OF
1906,002270.OF
1907,002271.OF
1908,002272.OF
1909,002273.OF
1910,002274.OF
1911,002275.OF
1912,002279.OF
1913,002280.OF
1914,002281.OF
1915,002282.OF
1916,002283.OF
1917,002284.OF
1918,002285.OF
1919,002286.OF
1920,002287.OF
1921,002288.OF
1922,002290.OF
1923,002291.OF
1924,002292.OF
1925,002293.OF
1926,002294.OF
1927,002295.OF
1928,002296.OF
1929,002297.OF
1930,002300.OF
1931,002301.OF
1932,002302.OF
1933,002303.OF
1934,002304.OF
1935,002305.OF
1936,002306.OF
1937,002307.OF
1938,002308.OF
1939,002309.OF
1940,002310.OF
1941,002311.OF
1942,002312.OF
1943,002313.OF
1944,002314.OF
1945,002315.OF
1946,002316.OF
1947,002317.OF
1948,002318.OF
1949,002322.OF
1950,002323.OF
1951,002324.OF
1952,002325.OF
1953,002326.OF
1954,002327.OF
1955,002328.OF
1956,002330.OF
1957,002331.OF
1958,002332.OF
1959,002333.OF
1960,002334.OF
1961,002335.OF
1962,002336.OF
1963,002337.OF
1964,002338.OF
1965,002339.OF
1966,002340.OF
1967,002341.OF
1968,002342.OF
1969,002345.OF
1970,002346.OF
1971,002347.OF
1972,002348.OF
1973,002349.OF
1974,002350.OF
1975,002351.OF
1976,002354.OF
1977,002355.OF
1978,002356.OF
1979,002357.OF
1980,002358.OF
1981,002360.OF
1982,002361.OF
1983,002362.OF
1984,002363.OF
1985,002364.OF
1986,002365.OF
1987,002366.OF
1988,002367.OF
1989,002368.OF
1990,002369.OF
1991,002370.OF
1992,002371.OF
1993,002372.OF
1994,002373.OF
1995,002374.OF
1996,002375.OF
1997,002376.OF
1998,002377.OF
1999,002378.OF
2000,002379.OF
2001,002380.OF
2002,002381.OF
2003,002382.OF
2004,002383.OF
2005,002385.OF
2006,002387.OF
2007,002388.OF
2008,002389.OF
2009,002391.OF
2010,002392.OF
2011,002393.OF
2012,002395.OF
2013,002396.OF
2014,002397.OF
2015,002398.OF
2016,002399.OF
2017,002400.OF
2018,002401.OF
2019,002402.OF
2020,002403.OF
2021,002404.OF
2022,002407.OF
2023,002408.OF
2024,002409.OF
2025,002410.OF
2026,002411.OF
2027,002412.OF
2028,002413.OF
2029,002414.OF
2030,002415.OF
2031,002416.OF
2032,002417.OF
2033,002418.OF
2034,002419.OF
2035,002420.OF
2036,002421.OF
2037,002422.OF
2038,002423.OF
2039,002425.OF
2040,002426.OF
2041,002427.OF
2042,002429.OF
2043,002430.OF
2044,002431.OF
2045,002432.OF
2046,002433.OF
2047,002434.OF
2048,002435.OF
2049,002436.OF
2050,002437.OF
2051,002438.OF
2052,002440.OF
2053,002441.OF
2054,002442.OF
2055,002443.OF
2056,002445.OF
2057,002446.OF
2058,002447.OF
2059,002448.OF
2060,002449.OF
2061,002450.OF
2062,002451.OF
2063,002452.OF
2064,002453.OF
2065,002454.OF
2066,002455.OF
2067,002456.OF
2068,002458.OF
2069,002459.OF
2070,002460.OF
2071,002461.OF
2072,002462.OF
2073,002464.OF
2074,002465.OF
2075,002466.OF
2076,002467.OF
2077,002468.OF
2078,002469.OF
2079,002470.OF
2080,002471.OF
2081,002474.OF
2082,002476.OF
2083,002477.OF
2084,002478.OF
2085,002479.OF
2086,002480.OF
2087,002481.OF
2088,002482.OF
2089,002483.OF
2090,002485.OF
2091,002486.OF
2092,002487.OF
2093,002488.OF
2094,002489.OF
2095,002490.OF
2096,002491.OF
2097,002492.OF
2098,002494.OF
2099,002497.OF
2100,002498.OF
2101,002499.OF
2102,002500.OF
2103,002501.OF
2104,002502.OF
2105,002503.OF
2106,002504.OF
2107,002505.OF
2108,002506.OF
2109,002507.OF
2110,002508.OF
2111,002509.OF
2112,002510.OF
2113,002512.OF
2114,002513.OF
2115,002514.OF
2116,002515.OF
2117,002516.OF
2118,002517.OF
2119,002518.OF
2120,002519.OF
2121,002520.OF
2122,002521.OF
2123,002522.OF
2124,002523.OF
2125,002524.OF
2126,002527.OF
2127,002528.OF
2128,002529.OF
2129,002530.OF
2130,002531.OF
2131,002532.OF
2132,002533.OF
2133,002534.OF
2134,002535.OF
2135,002536.OF
2136,002537.OF
2137,002538.OF
2138,002539.OF
2139,002540.OF
2140,002541.OF
2141,002542.OF
2142,002543.OF
2143,002544.OF
2144,002545.OF
2145,002546.OF
2146,002547.OF
2147,002548.OF
2148,002549.OF
2149,002550.OF
2150,002551.OF
2151,002552.OF
2152,002553.OF
2153,002554.OF
2154,002555.OF
2155,002556.OF
2156,002557.OF
2157,002558.OF
2158,002559.OF
2159,002560.OF
2160,002561.OF
2161,002562.OF
2162,002563.OF
2163,002564.OF
2164,002565.OF
2165,002566.OF
2166,002567.OF
2167,002568.OF
2168,002569.OF
2169,002570.OF
2170,002571.OF
2171,002572.OF
2172,002573.OF
2173,002574.OF
2174,002575.OF
2175,002576.OF
2176,002577.OF
2177,002578.OF
2178,002579.OF
2179,002580.OF
2180,002581.OF
2181,002582.OF
2182,002583.OF
2183,002584.OF
2184,002585.OF
2185,002588.OF
2186,002589.OF
2187,002590.OF
2188,002591.OF
2189,002592.OF
2190,002593.OF
2191,002594.OF
2192,002595.OF
2193,002596.OF
2194,002597.OF
2195,002598.OF
2196,002599.OF
2197,002600.OF
2198,002601.OF
2199,002603.OF
2200,002604.OF
2201,002605.OF
2202,002607.OF
2203,002608.OF
2204,002609.OF
2205,002610.OF
2206,002611.OF
2207,002612.OF
2208,002614.OF
2209,002615.OF
2210,002616.OF
2211,002617.OF
2212,002618.OF
2213,002619.OF
2214,002621.OF
2215,002622.OF
2216,002623.OF
2217,002624.OF
2218,002625.OF
2219,002626.OF
2220,002627.OF
2221,002628.OF
2222,002629.OF
2223,002632.OF
2224,002633.OF
2225,002634.OF
2226,002635.OF
2227,002636.OF
2228,002637.OF
2229,002638.OF
2230,002639.OF
2231,002640.OF
2232,002641.OF
2233,002642.OF
2234,002643.OF
2235,002644.OF
2236,002645.OF
2237,002646.OF
2238,002647.OF
2239,002648.OF
2240,002650.OF
2241,002651.OF
2242,002652.OF
2243,002653.OF
2244,002654.OF
2245,002655.OF
2246,002656.OF
2247,002657.OF
2248,002658.OF
2249,002659.OF
2250,002660.OF
2251,002661.OF
2252,002662.OF
2253,002663.OF
2254,002664.OF
2255,002665.OF
2256,002666.OF
2257,002667.OF
2258,002668.OF
2259,002669.OF
2260,002670.OF
2261,002671.OF
2262,002672.OF
2263,002673.OF
2264,002674.OF
2265,002675.OF
2266,002677.OF
2267,002678.OF
2268,002679.OF
2269,002680.OF
2270,002681.OF
2271,002682.OF
2272,002683.OF
2273,002684.OF
2274,002685.OF
2275,002686.OF
2276,002688.OF
2277,002689.OF
2278,002690.OF
2279,002691.OF
2280,002692.OF
2281,002693.OF
2282,002695.OF
2283,002696.OF
2284,002697.OF
2285,002698.OF
2286,002699.OF
2287,002700.OF
2288,002701.OF
2289,002702.OF
2290,002703.OF
2291,002704.OF
2292,002705.OF
2293,002706.OF
2294,002708.OF
2295,002709.OF
2296,002710.OF
2297,002711.OF
2298,002712.OF
2299,002714.OF
2300,002715.OF
2301,002716.OF
2302,002717.OF
2303,002718.OF
2304,002719.OF
2305,002720.OF
2306,002721.OF
2307,002722.OF
2308,002723.OF
2309,002724.OF
2310,002725.OF
2311,002726.OF
2312,002727.OF
2313,002728.OF
2314,002729.OF
2315,002730.OF
2316,002731.OF
2317,002732.OF
2318,002733.OF
2319,002734.OF
2320,002735.OF
2321,002736.OF
2322,002737.OF
2323,002738.OF
2324,002739.OF
2325,002744.OF
2326,002745.OF
2327,002746.OF
2328,002747.OF
2329,002748.OF
2330,002749.OF
2331,002750.OF
2332,002751.OF
2333,002752.OF
2334,002753.OF
2335,002754.OF
2336,002755.OF
2337,002756.OF
2338,002757.OF
2339,002758.OF
2340,002759.OF
2341,002760.OF
2342,002761.OF
2343,002762.OF
2344,002763.OF
2345,002764.OF
2346,002765.OF
2347,002766.OF
2348,002767.OF
2349,002768.OF
2350,002769.OF
2351,002770.OF
2352,002771.OF
2353,002772.OF
2354,002773.OF
2355,002774.OF
2356,002775.OF
2357,002776.OF
2358,002777.OF
2359,002778.OF
2360,002779.OF
2361,002780.OF
2362,002781.OF
2363,002782.OF
2364,002783.OF
2365,002784.OF
2366,002785.OF
2367,002786.OF
2368,002788.OF
2369,002789.OF
2370,002790.OF
2371,002791.OF
2372,002792.OF
2373,002793.OF
2374,002794.OF
2375,002795.OF
2376,002796.OF
2377,002797.OF
2378,002798.OF
2379,002801.OF
2380,002803.OF
2381,002804.OF
2382,002805.OF
2383,002806.OF
2384,002807.OF
2385,002808.OF
2386,002809.OF
2387,002810.OF
2388,002811.OF
2389,002812.OF
2390,002813.OF
2391,002814.OF
2392,002815.OF
2393,002816.OF
2394,002817.OF
2395,002818.OF
2396,002819.OF
2397,002820.OF
2398,002821.OF
2399,002822.OF
2400,002823.OF
2401,002824.OF
2402,002825.OF
2403,002826.OF
2404,002827.OF
2405,002828.OF
2406,002829.OF
2407,002830.OF
2408,002831.OF
2409,002832.OF
2410,002833.OF
2411,002834.OF
2412,002835.OF
2413,002836.OF
2414,002837.OF
2415,002838.OF
2416,002839.OF
2417,002840.OF
2418,002841.OF
2419,002842.OF
2420,002843.OF
2421,002844.OF
2422,002845.OF
2423,002846.OF
2424,002847.OF
2425,002848.OF
2426,002849.OF
2427,002850.OF
2428,002851.OF
2429,002852.OF
2430,002853.OF
2431,002854.OF
2432,002855.OF
2433,002856.OF
2434,002857.OF
2435,002858.OF
2436,002859.OF
2437,002860.OF
2438,002862.OF
2439,002863.OF
2440,002864.OF
2441,002865.OF
2442,002866.OF
2443,002867.OF
2444,002868.OF
2445,002869.OF
2446,002870.OF
2447,002871.OF
2448,002872.OF
2449,002873.OF
2450,002874.OF
2451,002875.OF
2452,002876.OF
2453,002877.OF
2454,002878.OF
2455,002879.OF
2456,002880.OF
2457,002881.OF
2458,002882.OF
2459,002883.OF
2460,002884.OF
2461,002887.OF
2462,002888.OF
2463,002889.OF
2464,002890.OF
2465,002891.OF
2466,002892.OF
2467,002893.OF
2468,002894.OF
2469,002895.OF
2470,002896.OF
2471,002897.OF
2472,002898.OF
2473,002899.OF
2474,002900.OF
2475,002901.OF
2476,002902.OF
2477,002903.OF
2478,002904.OF
2479,002905.OF
2480,002906.OF
2481,002907.OF
2482,002908.OF
2483,002909.OF
2484,002911.OF
2485,002912.OF
2486,002913.OF
2487,002914.OF
2488,002915.OF
2489,002916.OF
2490,002917.OF
2491,002918.OF
2492,002919.OF
2493,002921.OF
2494,002922.OF
2495,002923.OF
2496,002924.OF
2497,002927.OF
2498,002928.OF
2499,002929.OF
2500,002930.OF
2501,002931.OF
2502,002932.OF
2503,002933.OF
2504,002934.OF
2505,002935.OF
2506,002938.OF
2507,002939.OF
2508,002940.OF
2509,002941.OF
2510,002942.OF
2511,002943.OF
2512,002946.OF
2513,002947.OF
2514,002948.OF
2515,002949.OF
2516,002952.OF
2517,002955.OF
2518,002957.OF
2519,002958.OF
2520,002959.OF
2521,002960.OF
2522,002961.OF
2523,002962.OF
2524,002963.OF
2525,002964.OF
2526,002965.OF
2527,002966.OF
2528,002969.OF
2529,002970.OF
2530,002971.OF
2531,002972.OF
2532,002973.OF
2533,002974.OF
2534,002975.OF
2535,002976.OF
2536,002977.OF
2537,002978.OF
2538,002979.OF
2539,002980.OF
2540,002982.OF
2541,002983.OF
2542,002984.OF
2543,002985.OF
2544,002986.OF
2545,002987.OF
2546,002988.OF
2547,002989.OF
2548,002991.OF
2549,002992.OF
2550,002993.OF
2551,002994.OF
2552,002995.OF
2553,002996.OF
2554,002997.OF
2555,002998.OF
2556,002999.OF
2557,003002.OF
2558,003003.OF
2559,003004.OF
2560,003005.OF
2561,003006.OF
2562,003013.OF
2563,003014.OF
2564,003015.OF
2565,003016.OF
2566,003017.OF
2567,003021.OF
2568,003022.OF
2569,003023.OF
2570,003024.OF
2571,003026.OF
2572,003027.OF
2573,003028.OF
2574,003029.OF
2575,003030.OF
2576,003031.OF
2577,003033.OF
2578,003034.OF
2579,003035.OF
2580,003036.OF
2581,003037.OF
2582,003038.OF
2583,003041.OF
2584,003042.OF
2585,003043.OF
2586,003044.OF
2587,003045.OF
2588,003046.OF
2589,003047.OF
2590,003048.OF
2591,003049.OF
2592,003050.OF
2593,003051.OF
2594,003053.OF
2595,003054.OF
2596,003055.OF
2597,003056.OF
2598,003057.OF
2599,003058.OF
2600,003059.OF
2601,003062.OF
2602,003063.OF
2603,003064.OF
2604,003073.OF
2605,003074.OF
2606,003075.OF
2607,003078.OF
2608,003079.OF
2609,003080.OF
2610,003081.OF
2611,003082.OF
2612,003083.OF
2613,003084.OF
2614,003085.OF
2615,003086.OF
2616,003087.OF
2617,003088.OF
2618,003091.OF
2619,003092.OF
2620,003093.OF
2621,003094.OF
2622,003095.OF
2623,003096.OF
2624,003097.OF
2625,003098.OF
2626,003099.OF
2627,003100.OF
2628,003101.OF
2629,003102.OF
2630,003103.OF
2631,003104.OF
2632,003105.OF
2633,003106.OF
2634,003109.OF
2635,003110.OF
2636,003115.OF
2637,003116.OF
2638,003117.OF
2639,003118.OF
2640,003119.OF
2641,003120.OF
2642,003121.OF
2643,003122.OF
2644,003123.OF
2645,003124.OF
2646,003125.OF
2647,003126.OF
2648,003127.OF
2649,003130.OF
2650,003131.OF
2651,003133.OF
2652,003134.OF
2653,003135.OF
2654,003140.OF
2655,003141.OF
2656,003142.OF
2657,003143.OF
2658,003144.OF
2659,003145.OF
2660,003146.OF
2661,003147.OF
2662,003148.OF
2663,003149.OF
2664,003150.OF
2665,003151.OF
2666,003152.OF
2667,003153.OF
2668,003154.OF
2669,003155.OF
2670,003156.OF
2671,003157.OF
2672,003158.OF
2673,003159.OF
2674,003160.OF
2675,003161.OF
2676,003162.OF
2677,003163.OF
2678,003164.OF
2679,003165.OF
2680,003166.OF
2681,003167.OF
2682,003168.OF
2683,003169.OF
2684,003170.OF
2685,003171.OF
2686,003172.OF
2687,003173.OF
2688,003175.OF
2689,003176.OF
2690,003177.OF
2691,003178.OF
2692,003179.OF
2693,003180.OF
2694,003181.OF
2695,003182.OF
2696,003183.OF
2697,003185.OF
2698,003186.OF
2699,003187.OF
2700,003189.OF
2701,003190.OF
2702,003191.OF
2703,003192.OF
2704,003194.OF
2705,003199.OF
2706,003200.OF
2707,003206.OF
2708,003207.OF
2709,003208.OF
2710,003209.OF
2711,003210.OF
2712,003213.OF
2713,003214.OF
2714,003215.OF
2715,003216.OF
2716,003218.OF
2717,003219.OF
2718,003220.OF
2719,003221.OF
2720,003222.OF
2721,003223.OF
2722,003224.OF
2723,003225.OF
2724,003226.OF
2725,003227.OF
2726,003228.OF
2727,003229.OF
2728,003230.OF
2729,003231.OF
2730,003232.OF
2731,003233.OF
2732,003234.OF
2733,003235.OF
2734,003236.OF
2735,003237.OF
2736,003239.OF
2737,003240.OF
2738,003241.OF
2739,003242.OF
2740,003243.OF
2741,003244.OF
2742,003245.OF
2743,003246.OF
2744,003247.OF
2745,003248.OF
2746,003249.OF
2747,003250.OF
2748,003251.OF
2749,003252.OF
2750,003253.OF
2751,003254.OF
2752,003255.OF
2753,003256.OF
2754,003257.OF
2755,003258.OF
2756,003259.OF
2757,003260.OF
2758,003261.OF
2759,003262.OF
2760,003264.OF
2761,003265.OF
2762,003266.OF
2763,003267.OF
2764,003268.OF
2765,003269.OF
2766,003270.OF
2767,003271.OF
2768,003272.OF
2769,003273.OF
2770,003274.OF
2771,003275.OF
2772,003276.OF
2773,003277.OF
2774,003278.OF
2775,003279.OF
2776,003280.OF
2777,003281.OF
2778,003282.OF
2779,003283.OF
2780,003284.OF
2781,003285.OF
2782,003286.OF
2783,003287.OF
2784,003288.OF
2785,003289.OF
2786,003290.OF
2787,003292.OF
2788,003295.OF
2789,003298.OF
2790,003299.OF
2791,003300.OF
2792,003301.OF
2793,003302.OF
2794,003304.OF
2795,003305.OF
2796,003308.OF
2797,003309.OF
2798,003310.OF
2799,003313.OF
2800,003314.OF
2801,003316.OF
2802,003317.OF
2803,003319.OF
2804,003320.OF
2805,003321.OF
2806,003322.OF
2807,003323.OF
2808,003324.OF
2809,003325.OF
2810,003327.OF
2811,003328.OF
2812,003329.OF
2813,003330.OF
2814,003331.OF
2815,003332.OF
2816,003333.OF
2817,003334.OF
2818,003335.OF
2819,003336.OF
2820,003337.OF
2821,003338.OF
2822,003339.OF
2823,003340.OF
2824,003341.OF
2825,003342.OF
2826,003343.OF
2827,003344.OF
2828,003345.OF
2829,003346.OF
2830,003349.OF
2831,003350.OF
2832,003351.OF
2833,003352.OF
2834,003353.OF
2835,003354.OF
2836,003355.OF
2837,003356.OF
2838,003357.OF
2839,003358.OF
2840,003362.OF
2841,003363.OF
2842,003364.OF
2843,003365.OF
2844,003366.OF
2845,003367.OF
2846,003368.OF
2847,003369.OF
2848,003370.OF
2849,003371.OF
2850,003372.OF
2851,003373.OF
2852,003374.OF
2853,003376.OF
2854,003377.OF
2855,003378.OF
2856,003379.OF
2857,003380.OF
2858,003381.OF
2859,003382.OF
2860,003383.OF
2861,003391.OF
2862,003392.OF
2863,003393.OF
2864,003394.OF
2865,003395.OF
2866,003396.OF
2867,003397.OF
2868,003398.OF
2869,003399.OF
2870,003400.OF
2871,003401.OF
2872,003402.OF
2873,003404.OF
2874,003405.OF
2875,003406.OF
2876,003409.OF
2877,003410.OF
2878,003411.OF
2879,003412.OF
2880,003413.OF
2881,003414.OF
2882,003415.OF
2883,003416.OF
2884,003417.OF
2885,003418.OF
2886,003422.OF
2887,003423.OF
2888,003424.OF
2889,003425.OF
2890,003426.OF
2891,003427.OF
2892,003428.OF
2893,003429.OF
2894,003430.OF
2895,003431.OF
2896,003432.OF
2897,003433.OF
2898,003434.OF
2899,003435.OF
2900,003436.OF
2901,003437.OF
2902,003438.OF
2903,003439.OF
2904,003442.OF
2905,003443.OF
2906,003445.OF
2907,003446.OF
2908,003447.OF
2909,003448.OF
2910,003449.OF
2911,003452.OF
2912,003453.OF
2913,003454.OF
2914,003455.OF
2915,003456.OF
2916,003460.OF
2917,003462.OF
2918,003463.OF
2919,003464.OF
2920,003465.OF
2921,003466.OF
2922,003467.OF
2923,003468.OF
2924,003469.OF
2925,003470.OF
2926,003471.OF
2927,003472.OF
2928,003473.OF
2929,003474.OF
2930,003475.OF
2931,003476.OF
2932,003477.OF
2933,003478.OF
2934,003479.OF
2935,003480.OF
2936,003481.OF
2937,003482.OF
2938,003483.OF
2939,003484.OF
2940,003485.OF
2941,003486.OF
2942,003487.OF
2943,003490.OF
2944,003491.OF
2945,003492.OF
2946,003493.OF
2947,003495.OF
2948,003496.OF
2949,003497.OF
2950,003498.OF
2951,003499.OF
2952,003500.OF
2953,003501.OF
2954,003502.OF
2955,003503.OF
2956,003506.OF
2957,003507.OF
2958,003510.OF
2959,003511.OF
2960,003512.OF
2961,003513.OF
2962,003514.OF
2963,003515.OF
2964,003520.OF
2965,003521.OF
2966,003522.OF
2967,003523.OF
2968,003525.OF
2969,003526.OF
2970,003527.OF
2971,003528.OF
2972,003529.OF
2973,003530.OF
2974,003531.OF
2975,003534.OF
2976,003535.OF
2977,003536.OF
2978,003539.OF
2979,003541.OF
2980,003546.OF
2981,003547.OF
2982,003549.OF
2983,003551.OF
2984,003555.OF
2985,003556.OF
2986,003557.OF
2987,003558.OF
2988,003559.OF
2989,003560.OF
2990,003563.OF
2991,003564.OF
2992,003565.OF
2993,003566.OF
2994,003568.OF
2995,003569.OF
2996,003570.OF
2997,003571.OF
2998,003572.OF
2999,003573.OF
3000,003574.OF
3001,003575.OF
3002,003578.OF
3003,003579.OF
3004,003580.OF
3005,003581.OF
3006,003582.OF
3007,003583.OF
3008,003584.OF
3009,003585.OF
3010,003586.OF
3011,003587.OF
3012,003588.OF
3013,003589.OF
3014,003590.OF
3015,003591.OF
3016,003592.OF
3017,003594.OF
3018,003595.OF
3019,003601.OF
3020,003602.OF
3021,003603.OF
3022,003604.OF
3023,003605.OF
3024,003606.OF
3025,003607.OF
3026,003610.OF
3027,003611.OF
3028,003612.OF
3029,003613.OF
3030,003614.OF
3031,003615.OF
3032,003618.OF
3033,003619.OF
3034,003622.OF
3035,003623.OF
3036,003624.OF
3037,003625.OF
3038,003626.OF
3039,003627.OF
3040,003628.OF
3041,003629.OF
3042,003630.OF
3043,003631.OF
3044,003632.OF
3045,003633.OF
3046,003634.OF
3047,003640.OF
3048,003641.OF
3049,003642.OF
3050,003643.OF
3051,003645.OF
3052,003646.OF
3053,003647.OF
3054,003648.OF
3055,003651.OF
3056,003652.OF
3057,003653.OF
3058,003654.OF
3059,003655.OF
3060,003659.OF
3061,003660.OF
3062,003661.OF
3063,003662.OF
3064,003663.OF
3065,003664.OF
3066,003665.OF
3067,003667.OF
3068,003668.OF
3069,003669.OF
3070,003671.OF
3071,003672.OF
3072,003673.OF
3073,003674.OF
3074,003675.OF
3075,003676.OF
3076,003677.OF
3077,003678.OF
3078,003679.OF
3079,003681.OF
3080,003682.OF
3081,003683.OF
3082,003684.OF
3083,003685.OF
3084,003686.OF
3085,003687.OF
3086,003689.OF
3087,003690.OF
3088,003691.OF
3089,003692.OF
3090,003693.OF
3091,003694.OF
3092,003695.OF
3093,003703.OF
3094,003705.OF
3095,003708.OF
3096,003709.OF
3097,003710.OF
3098,003711.OF
3099,003712.OF
3100,003713.OF
3101,003714.OF
3102,003715.OF
3103,003717.OF
3104,003718.OF
3105,003719.OF
3106,003720.OF
3107,003721.OF
3108,003728.OF
3109,003730.OF
3110,003731.OF
3111,003732.OF
3112,003733.OF
3113,003734.OF
3114,003735.OF
3115,003739.OF
3116,003741.OF
3117,003742.OF
3118,003743.OF
3119,003744.OF
3120,003746.OF
3121,003749.OF
3122,003750.OF
3123,003751.OF
3124,003752.OF
3125,003753.OF
3126,003754.OF
3127,003755.OF
3128,003762.OF
3129,003763.OF
3130,003767.OF
3131,003768.OF
3132,003772.OF
3133,003773.OF
3134,003774.OF
3135,003775.OF
3136,003776.OF
3137,003777.OF
3138,003780.OF
3139,003781.OF
3140,003787.OF
3141,003788.OF
3142,003789.OF
3143,003795.OF
3144,003796.OF
3145,003797.OF
3146,003798.OF
3147,003799.OF
3148,003800.OF
3149,003803.OF
3150,003804.OF
3151,003805.OF
3152,003806.OF
3153,003809.OF
3154,003810.OF
3155,003811.OF
3156,003812.OF
3157,003814.OF
3158,003815.OF
3159,003816.OF
3160,003817.OF
3161,003818.OF
3162,003819.OF
3163,003820.OF
3164,003821.OF
3165,003824.OF
3166,003825.OF
3167,003830.OF
3168,003832.OF
3169,003833.OF
3170,003835.OF
3171,003836.OF
3172,003837.OF
3173,003838.OF
3174,003839.OF
3175,003840.OF
3176,003842.OF
3177,003843.OF
3178,003847.OF
3179,003848.OF
3180,003849.OF
3181,003850.OF
3182,003851.OF
3183,003856.OF
3184,003859.OF
3185,003860.OF
3186,003861.OF
3187,003862.OF
3188,003863.OF
3189,003864.OF
3190,003865.OF
3191,003871.OF
3192,003874.OF
3193,003875.OF
3194,003876.OF
3195,003877.OF
3196,003878.OF
3197,003886.OF
3198,003887.OF
3199,003888.OF
3200,003891.OF
3201,003892.OF
3202,003895.OF
3203,003896.OF
3204,003899.OF
3205,003900.OF
3206,003901.OF
3207,003902.OF
3208,003903.OF
3209,003906.OF
3210,003907.OF
3211,003929.OF
3212,003930.OF
3213,003940.OF
3214,003941.OF
3215,003942.OF
3216,003943.OF
3217,003944.OF
3218,003947.OF
3219,003949.OF
3220,003950.OF
3221,003951.OF
3222,003961.OF
3223,003962.OF
3224,003963.OF
3225,003966.OF
3226,003967.OF
3227,003968.OF
3228,003969.OF
3229,003970.OF
3230,003971.OF
3231,003983.OF
3232,003993.OF
3233,004010.OF
3234,004011.OF
3235,004018.OF
3236,004019.OF
3237,004030.OF
3238,004036.OF
3239,004037.OF
3240,004039.OF
3241,004059.OF
3242,004060.OF
3243,004065.OF
3244,004067.OF
3245,004068.OF
3246,004077.OF
3247,004078.OF
3248,004085.OF
3249,004086.OF
3250,004089.OF
3251,004090.OF
3252,004097.OF
3253,004116.OF
3254,004118.OF
3255,004121.OF
3256,004153.OF
3257,004154.OF
3258,004167.OF
3259,004173.OF
3260,004175.OF
3261,004176.OF
3262,004201.OF
3263,004216.OF
3264,004217.OF
3265,004220.OF
3266,004221.OF
3267,020001.OF
3268,020002.OF
3269,020003.OF
3270,020005.OF
3271,020007.OF
3272,020009.OF
3273,020010.OF
3274,020011.OF
3275,020012.OF
